id,name,score,level,durationMs,playedAt
usr_msivg07w_v21d1x,SLOW,5000,8,300000,2026-08-07T11:38:41.578Z
usr_msivg085_hqw3ok,FAST,5000,8,120000,2026-08-07T11:38:41.585Z
usr_msivg087_vxy4k9,MID,5000,8,200000,2026-08-07T11:38:41.592Z
usr_msivg08w_4jrjj0,TWINA,9999,8,111111,2026-08-07T11:38:41.606Z
usr_msivg08y_lht464,TWINB,9999,8,111111,2026-08-07T11:38:41.612Z
usr_msivg09g_3b6qr8,HIGH,10000,8,999999,2026-08-07T11:38:41.622Z
usr_msivg07w_v21d1x,SLOW,5000,8,60000,2026-08-07T11:38:41.629Z
usr_msiviaay_rk0pq1,ANJALI,1234,3,724,2026-08-07T11:40:28.680Z
usr_msivie1q_wxt86l,VIKRAM,800,2,704,2026-08-07T11:40:33.526Z
